sequence,move to front,opt,opt free,discrete doa,continuous doa
"2,4,0,2,0,4",19,15,15,17,15
"0,2,0,0,2,0",11,9,9,10,9
"0,0,1,4,4,4",11,11,11,11,11
"0,1,2,1,2,1",12,10,10,11,10
"0,0,2,2,1,4",14,14,14,14,14
"3,0,4,2,1,4",24,18,18,18,19
"0,4,2,3,1,0",25,16,16,16,16
"4,2,0,2,0,4",19,15,16,18,16
"0,4,1,3,2,0",24,16,16,16,16
"3,4,1,4,3,1",21,17,19,20,19
"3,2,0,0,3,2",18,14,15,16,15
"0,0,0,3,4,3",14,13,13,13,13
"1,1,4,0,0,4",14,13,13,14,14
"2,0,0,2,2,2",10,9,9,10,9
"3,0,2,1,0,0",18,12,12,12,12
"0,3,1,1,1,3",12,11,12,12,12
"0,0,0,1,4,0",13,11,11,11,11
"0,0,0,3,4,4",13,13,13,13,13
"0,0,2,4,4,4",12,12,12,12,12
"4,1,3,1,4,3",21,17,19,19,19
"3,4,2,1,0,1",26,17,17,17,17
"3,0,0,0,3,0",12,10,10,11,10
"0,0,0,0,2,3",11,11,11,11,11
"0,0,0,1,0,4",12,11,11,11,11
"0,0,1,1,2,3",12,12,12,12,12
"0,0,0,2,3,2",12,11,11,11,11
"1,1,3,0,2,3",17,15,15,16,16
"3,2,3,1,2,1",19,15,17,17,17
"4,3,0,1,2,0",25,16,16,16,16
"3,4,2,1,4,4",23,18,18,18,19
"2,1,2,0,1,3",18,15,15,16,16
"0,0,2,3,4,4",15,15,15,15,15
"0,0,0,0,0,4",10,10,10,10,10
"2,4,1,4,2,1",20,16,18,19,18
"2,1,1,2,2,1",12,11,12,12,12
"0,2,1,1,1,2",11,10,11,11,11
"4,1,1,0,0,4",16,14,14,16,14
"2,1,2,3,1,0",19,15,15,16,16
"4,1,1,1,4,0",15,14,14,15,15
"1,2,1,2,1,1",12,10,10,11,10
"0,0,1,2,4,4",13,13,13,13,13
"0,0,2,3,3,2",12,12,12,12,12
"4,3,1,4,3,1",23,17,20,21,20
"3,4,1,2,4,3",25,21,21,22,23
"3,1,3,0,1,0",17,13,13,14,14
"0,2,1,2,0,1",15,12,12,13,13
"0,3,4,2,0,1",24,16,16,16,16
"1,0,4,1,1,4",15,13,13,14,14
"2,1,2,3,0,1",20,15,15,16,16
"0,2,1,1,2,1",12,10,11,11,11
"0,0,0,3,0,1",12,10,10,10,10
"0,0,0,1,1,1",7,7,7,7,7
"2,1,1,1,2,2",11,10,11,11,11
"3,0,0,2,1,0",18,12,12,12,12
"3,2,1,2,1,3",19,15,17,17,17
"1,1,3,0,3,0",14,12,12,13,13
"0,0,0,3,4,1",16,14,14,14,14
"3,1,1,3,1,0",15,13,13,14,14
"0,0,0,1,3,2",13,12,12,12,12
"4,1,2,4,4,0",20,16,16,16,17
"1,4,3,2,1,0",26,17,17,17,17
"4,4,1,0,0,1",15,14,14,15,15
"2,1,1,2,1,0",14,12,12,13,13
"0,0,2,2,0,3",12,12,12,12,12
"0,3,0,0,3,3",11,10,10,11,10
"1,3,2,3,1,2",18,15,16,17,16
"0,0,0,2,4,0",14,12,12,12,12
"0,0,1,1,3,4",14,14,14,14,14
"4,1,4,0,0,1",17,14,14,15,15
"0,0,0,2,0,0",9,8,8,8,8
"4,0,3,1,2,0",25,16,16,16,16
"0,0,0,1,1,2",9,9,9,9,9
"4,3,2,1,3,4",27,21,22,23,23
"2,4,3,1,2,0",27,18,18,18,18
"2,3,0,0,2,3",17,14,14,16,14
"0,3,4,2,1,4",23,18,18,18,19
"0,3,2,1,0,0",18,12,12,12,12
"2,0,4,2,4,2",17,14,14,15,15
"2,1,2,0,1,0",16,12,12,13,13
"0,0,0,0,4,3",14,13,13,13,13
"1,0,4,1,2,4",19,16,16,16,17
"0,0,0,2,3,0",13,11,11,11,11
"0,0,0,0,1,0",8,7,7,7,7
"2,1,0,2,1,0",18,12,12,12,12
"3,1,1,1,3,1",13,11,12,12,12
"2,0,4,1,2,4",21,17,17,17,18
"4,3,1,0,2,0",25,16,16,16,16
"1,4,3,0,2,1",26,17,17,17,17
"0,0,0,2,0,3",12,11,11,11,11
"3,0,4,2,0,1",24,16,16,16,16
"4,2,3,1,0,0",25,16,16,16,16
"2,3,0,0,3,2",16,14,14,16,14
"0,3,0,2,1,0",18,12,12,12,12
"2,1,2,1,1,1",12,10,11,11,11
"2,0,0,2,0,0",11,9,9,10,9
"0,3,1,3,0,1",16,13,13,14,14
"3,2,4,1,0,0",24,16,16,16,16
"0,0,0,0,2,4",12,12,12,12,12
"4,0,2,4,0,2",20,15,16,18,16
"0,0,0,3,2,0",14,11,11,11,11
"0,0,0,3,3,3",9,9,9,9,9
"0,0,0,1,4,4",11,11,11,11,11
"3,4,0,1,2,0",24,16,16,16,16
"4,1,1,4,0,0",15,14,14,15,15
"0,3,0,3,0,0",12,10,10,11,10
"4,4,1,0,1,0",16,14,14,15,15
"2,2,4,0,0,4",15,14,14,15,15
"2,0,0,2,0,2",12,10,10,11,10
"3,0,2,0,1,0",18,12,12,12,12
"2,1,2,1,3,0",18,15,15,16,16
"4,0,1,0,1,4",17,14,14,16,14
"0,3,1,3,1,1",13,11,12,12,12
"0,0,0,0,0,0",6,6,6,6,6
"4,3,1,4,1,3",22,17,20,20,20
"1,0,4,2,1,0",21,14,14,14,14
"4,3,4,1,3,1",21,17,19,19,19
"0,0,0,3,2,4",16,15,15,15,15
"4,3,0,2,1,0",26,16,16,16,16
"2,4,3,1,0,0",24,16,16,16,16
"4,1,3,4,3,1",21,17,19,19,19
"0,0,2,2,2,1",10,10,10,10,10
"0,0,2,2,0,4",13,13,13,13,13
"0,0,0,2,3,4",15,15,15,15,15
"0,0,0,1,0,3",11,10,10,10,10
"3,4,0,4,0,3",19,16,16,18,16
"0,0,1,1,0,3",11,11,11,11,11
"0,0,0,0,2,0",9,8,8,8,8
"4,0,0,1,1,4",15,13,13,15,13
"4,1,2,4,4,3",21,19,19,19,20
"2,4,0,2,4,0",20,15,15,17,15
"4,0,0,1,4,1",16,13,13,15,13
"0,0,0,3,0,2",13,11,11,11,11
"2,1,2,0,1,1",15,12,12,13,13
"0,0,2,2,0,0",9,9,9,9,9
"4,1,1,4,1,0",16,14,14,15,15
"3,0,2,3,2,1",19,16,16,16,17
"0,0,0,1,2,1",10,9,9,9,9
"4,1,2,3,0,1",26,17,17,17,17
"3,4,2,4,3,2",22,18,20,20,20
"0,0,2,2,2,4",12,12,12,12,12
"0,0,0,2,3,1",14,12,12,12,12
"4,3,2,3,2,4",22,18,21,21,21
"4,2,0,3,1,0",25,16,16,16,16
"4,3,2,1,1,0",26,17,17,17,17
"0,0,1,1,1,1",7,7,7,7,7
"0,0,0,0,3,1",11,10,10,10,10
"3,2,1,3,1,2",20,15,17,17,17
"4,1,0,1,4,0",19,14,14,17,14
"4,2,1,4,2,1",22,16,18,19,18
"2,2,4,0,1,4",19,17,17,17,18
"1,1,3,2,0,3",18,15,15,16,16
"0,0,2,3,3,4",15,15,15,15,15
"0,0,0,2,4,4",12,12,12,12,12
"3,3,2,0,2,0",16,14,14,15,15
"4,3,1,3,4,1",22,17,20,21,20
"4,3,2,1,0,2",28,18,18,18,18
"4,3,1,2,1,0",26,17,17,17,17
"0,0,0,4,4,4",10,10,10,10,10
"4,3,1,2,0,2",26,17,17,17,17
"0,0,0,0,1,1",7,7,7,7,7
"0,0,0,2,4,1",15,13,13,13,13
"2,1,2,0,0,1",15,12,12,13,13
"3,2,3,1,1,2",18,15,17,17,17
"0,0,0,1,0,2",10,9,9,9,9
"2,3,1,1,2,3",18,15,17,17,17
"4,3,1,2,0,0",25,16,16,16,16
"3,4,2,1,4,3",26,21,21,22,23
"4,2,1,4,1,2",21,16,18,19,18
"0,0,2,2,2,3",11,11,11,11,11
"0,0,0,0,4,1",12,11,11,11,11
"2,4,3,0,1,0",24,16,16,16,16
"4,2,1,4,4,4",18,15,15,15,16
"4,0,3,4,1,3",22,18,19,19,20
"1,0,3,1,1,3",14,12,12,13,13
"0,0,3,1,3,1",13,11,12,12,12
"0,0,0,1,2,0",11,9,9,9,9
"4,3,1,1,4,3",21,17,20,20,20
"3,2,3,0,0,2",17,14,15,16,15
"0,3,1,2,3,3",16,14,14,15,15
"2,4,1,2,4,1",21,16,18,19,18
"3,1,3,1,0,0",15,13,13,14,14
"4,3,2,0,1,0",26,16,16,16,16
"2,0,3,2,0,3",18,14,14,16,14
"4,0,3,1,4,3",23,18,19,19,20
"0,0,0,1,3,0",12,10,10,10,10
"0,0,1,4,4,3",15,15,15,15,15
"4,3,3,2,2,4",20,18,20,20,20
"0,0,1,4,4,2",14,14,14,14,14
"0,0,0,3,1,3",12,11,11,11,11
"3,0,2,4,1,0",24,16,16,16,16
"1,4,2,3,0,1",26,17,17,17,17
"0,2,0,2,0,0",11,9,9,10,9
"1,1,4,2,0,4",19,16,16,16,17
"4,3,3,1,4,1",20,17,19,19,19
"0,0,3,3,0,1",12,12,12,12,12
"0,0,0,3,2,2",12,11,11,11,11
"3,2,2,0,3,1",19,17,17,17,18
"2,1,1,2,0,0",13,12,12,13,13
"0,0,1,3,3,3",10,10,10,10,10
"4,3,2,4,3,2",24,18,21,21,21
"2,4,1,1,2,4",19,16,18,18,18
"4,3,2,2,3,4",21,18,21,21,21
"4,1,3,1,3,4",20,17,19,19,19
"0,4,1,1,4,0",15,14,14,15,15
"1,1,2,0,0,2",12,11,11,12,12
"2,0,2,0,2,0",13,10,10,11,10
"0,0,0,1,0,1",9,8,8,8,8
"2,1,2,0,3,1",19,15,15,16,16
"2,3,1,0,2,0",21,14,14,14,14
"3,4,2,4,2,3",21,18,20,20,20
"4,3,2,1,0,1",27,17,17,17,17
"2,2,1,0,1,0",14,12,12,13,13
"0,0,2,0,0,2",10,9,9,10,9
"4,1,1,3,3,4",18,16,18,18,18
"4,1,2,4,0,2",22,17,17,19,17
"4,1,4,1,1,0",16,14,14,15,15
"0,0,0,1,1,4",11,11,11,11,11
"3,2,3,0,2,0",18,14,15,16,15
"4,0,2,4,1,2",21,17,17,19,19
"1,0,4,2,1,4",20,16,16,16,17
"0,0,0,0,0,2",8,8,8,8,8
"0,0,0,1,1,0",8,8,8,8,8
"4,3,0,2,0,1",25,16,16,16,16
"4,2,3,2,3,4",21,18,20,20,20
"2,3,0,3,2,0",18,14,14,16,14
"0,2,1,1,2,0",13,12,12,13,13
"3,4,2,2,4,3",20,18,20,20,20
"0,0,2,1,2,1",12,10,11,11,11
"3,1,0,2,1,0",20,13,13,13,13
"1,0,3,1,3,1",15,12,12,13,13
"3,1,3,1,1,0",15,13,13,14,14
"0,0,3,1,1,3",12,11,12,12,12
"0,0,0,2,1,0",12,9,9,9,9
"2,2,4,1,0,4",20,17,17,17,18
"0,0,1,2,2,2",9,9,9,9,9
"4,2,3,1,0,1",26,17,17,17,17
"2,1,2,1,1,2",13,11,12,12,12
"4,1,0,4,0,1",19,14,14,16,14
"2,1,3,1,2,0",19,15,15,16,16
"0,0,0,3,0,0",10,9,9,9,9
"0,0,1,1,1,2",9,9,9,9,9
"0,0,1,3,3,1",11,11,11,11,11
"0,4,1,2,4,3",21,19,19,19,20
"3,2,1,3,3,3",17,14,14,15,15
"0,0,2,2,3,3",11,11,11,11,11
"2,0,4,2,2,4",16,14,14,15,15
"2,2,3,0,3,0",15,13,13,14,14
"3,4,2,3,4,2",23,18,20,20,20
"2,1,1,2,1,2",13,11,12,12,12
"2,1,1,2,1,1",12,10,11,11,11
"2,3,1,3,1,2",18,15,17,17,17
"2,4,1,3,0,2",27,18,18,18,18
"0,0,1,4,4,1",12,12,12,12,12
"3,2,4,1,0,2",27,18,18,18,18
"4,2,4,1,2,1",20,16,18,18,18
"0,0,2,1,1,2",11,10,11,11,11
"0,0,0,0,3,0",10,9,9,9,9
"0,4,1,4,1,0",16,14,14,15,15
"2,0,0,0,2,0",11,9,9,10,9
"2,4,1,2,1,4",20,16,18,18,18
"3,4,1,2,3,4",26,21,21,23,23
"0,0,0,0,1,4",11,11,11,11,11
"0,0,2,0,2,0",11,9,9,10,9
"1,3,2,3,0,2",19,15,16,17,16
"4,1,1,4,0,1",17,14,14,15,15
"3,4,1,0,3,4",25,19,19,21,19
"3,0,3,0,0,0",12,10,10,11,10
"0,0,4,2,1,4",18,15,15,15,16
"2,0,3,1,2,0",21,14,14,14,14
"0,0,0,1,4,3",15,14,14,14,14
"3,4,0,2,1,0",25,16,16,16,16
"3,4,1,2,4,4",22,18,18,18,19
"0,3,2,4,1,0",24,16,16,16,16
"2,1,1,2,2,2",11,10,11,11,11
"0,3,4,2,1,0",25,16,16,16,16
"0,2,0,0,2,2",10,9,9,10,9
"4,3,1,4,2,3",26,21,22,23,23
"0,0,2,2,1,1",10,10,10,10,10
"2,1,1,1,2,1",12,10,11,11,11
"3,2,1,3,2,1",21,15,17,17,17
"3,0,0,0,0,3",11,10,10,11,10
"0,0,0,1,2,2",9,9,9,9,9
"0,0,0,2,1,4",14,13,13,13,13
"4,2,1,1,2,4",19,16,18,19,18
"4,2,1,3,0,1",26,17,17,17,17
"4,1,2,4,0,4",21,16,16,16,17
"0,4,2,4,0,2",18,15,16,17,16
"1,2,1,1,2,1",12,10,10,11,10
"4,1,4,0,1,1",17,14,14,15,15
"4,0,0,2,2,4",16,14,15,16,15
"2,3,1,2,1,3",19,15,17,17,17
"3,1,1,3,0,0",14,13,13,14,14
"0,0,2,3,3,3",11,11,11,11,11
"2,4,0,4,2,0",19,15,15,17,15
"0,0,0,3,4,0",15,13,13,13,13
"3,2,0,0,1,0",18,12,12,12,12
"3,1,3,0,0,1",16,13,13,14,14
"4,0,3,2,0,1",25,16,16,16,16
"4,0,1,0,4,1",18,14,14,16,14
"3,0,4,2,1,0",25,16,16,16,16
"4,1,2,4,1,2",21,16,17,19,17
"3,3,1,0,1,0",15,13,13,14,14
"4,1,3,3,1,4",19,17,19,19,19
"0,4,3,0,2,1",24,16,16,16,16
"0,0,0,2,0,2",10,9,9,9,9
"1,0,3,2,1,0",20,13,13,13,13
"3,2,0,1,2,0",21,14,14,14,14
"3,4,0,0,4,3",18,16,16,18,16
"4,2,1,4,3,4",23,19,19,19,20
"0,0,0,0,0,1",7,7,7,7,7
"0,0,0,0,4,4",10,10,10,10,10
"0,0,2,2,4,4",12,12,12,12,12
"4,1,3,4,1,3",22,17,19,19,19
"2,3,0,3,0,2",17,14,14,16,14
"0,0,0,0,3,4",13,13,13,13,13
"2,4,0,0,2,4",18,15,15,17,15
"0,4,2,1,3,0",24,16,16,16,16
"1,1,2,0,2,0",13,11,11,12,12
"3,0,2,3,3,2",16,14,14,15,15
"1,4,2,0,1,0",21,14,14,14,14
"4,1,2,4,4,4",17,15,15,15,16
"0,0,1,2,3,3",12,12,12,12,12
"0,4,3,2,1,0",26,16,16,16,16
"4,3,2,0,0,1",25,16,16,16,16
"1,1,3,0,0,3",13,12,12,13,13
"2,1,3,2,0,1",21,15,15,16,16
"2,4,0,4,0,2",18,15,15,17,15
"0,2,0,0,0,2",10,9,9,10,9
"0,2,1,1,2,2",11,10,11,11,11
"4,2,1,4,4,0",21,16,16,16,17
"2,0,3,0,2,3",17,14,14,16,14
"3,4,2,3,2,4",22,18,20,20,20
"2,3,1,2,3,1",20,15,17,17,17
"0,0,0,2,2,2",8,8,8,8,8
"3,1,1,3,0,1",16,13,13,14,14
"0,3,4,1,2,4",22,18,18,18,19
"0,1,2,0,0,2",12,10,10,11,10
"3,4,2,2,3,4",21,18,20,20,20
"0,4,2,1,4,4",18,15,15,15,16
"0,0,0,0,3,2",12,11,11,11,11
"3,2,0,3,2,1",21,17,17,17,18
"4,2,2,3,3,4",19,17,19,19,19
"3,1,3,1,0,1",16,13,13,14,14
"2,0,0,0,0,2",10,9,9,10,9
"2,4,3,1,0,2",28,18,18,18,18
"0,0,2,2,2,2",8,8,8,8,8
"4,3,4,2,2,3",21,18,20,20,20
"2,1,3,1,2,3",18,15,16,17,16
"0,0,0,0,1,3",10,10,10,10,10
"2,4,0,3,1,0",24,16,16,16,16
"4,2,0,0,2,4",18,15,16,18,16
"0,0,3,2,1,0",18,12,12,12,12
"4,3,0,3,0,4",20,16,17,19,17
"0,0,3,1,2,3",16,14,14,15,15
"0,0,0,3,2,3",13,12,12,12,12
"4,3,1,2,3,4",26,21,22,23,23
"3,0,4,3,1,4",21,18,18,18,19
"0,2,1,2,1,1",12,10,11,11,11
"4,1,3,0,2,1",26,17,17,17,17
"4,0,2,0,4,2",19,15,16,18,16
"3,1,2,3,3,3",16,14,14,15,15
"4,0,1,4,1,0",18,14,14,16,14
"2,1,1,2,3,0",17,15,15,16,16
"2,3,0,1,2,0",21,14,14,14,14
"0,3,2,0,1,0",18,12,12,12,12
"0,4,2,0,4,2",19,15,16,17,16
"3,4,0,0,3,4",19,16,16,18,16
"0,3,1,1,3,3",12,11,12,12,12
"1,2,0,0,0,2",12,10,10,11,10
"1,0,2,1,2,1",14,11,11,12,12
"0,0,0,0,4,0",11,10,10,10,10
"0,0,0,4,4,0",11,11,11,11,11
"3,0,0,0,3,3",11,10,10,11,10
"2,4,1,1,4,2",18,16,18,18,18
"1,1,2,1,2,1",12,10,10,11,10
"2,4,1,4,1,2",19,16,18,18,18
"4,0,2,3,1,0",25,16,16,16,16
"0,0,0,0,2,1",10,9,9,9,9
"3,0,0,3,0,0",12,10,10,11,10
"4,1,4,1,0,1",17,14,14,15,15
"0,0,1,1,4,4",11,11,11,11,11
"3,1,4,2,0,1",26,17,17,17,17
"0,3,0,0,3,0",12,10,10,11,10
"3,3,4,0,1,4",20,18,18,18,19
"0,4,2,3,0,1",24,16,16,16,16
"2,3,0,2,0,3",18,14,14,16,14
"0,0,0,2,3,3",11,11,11,11,11
"4,2,3,0,1,0",25,16,16,16,16
"0,0,1,1,0,0",8,8,8,8,8
"4,2,3,1,0,2",28,18,18,18,18
"4,2,2,3,4,3",20,17,19,19,19
"4,2,3,4,2,3",23,18,20,20,20
"0,0,1,1,0,4",12,12,12,12,12
"3,4,0,1,3,4",24,19,19,21,19
"2,4,0,0,4,2",17,15,15,17,15
"3,1,3,0,1,1",16,13,13,14,14
"0,0,2,2,0,1",11,11,11,11,11
"3,4,0,3,0,4",20,16,16,18,16
"0,3,1,1,3,0",14,13,13,14,14
"2,1,2,1,0,0",14,12,12,13,13
"0,0,0,1,2,4",13,13,13,13,13
"4,1,0,0,4,1",18,14,14,16,14
"0,0,0,3,2,1",15,12,12,12,12
"0,1,2,0,2,0",13,10,10,11,10
"1,1,2,1,1,2",11,10,10,11,10
"2,0,2,0,0,0",11,9,9,10,9
"4,3,0,4,0,3",21,16,17,19,17
"3,4,1,2,0,1",26,17,17,17,17
"0,0,1,3,3,4",14,14,14,14,14
"1,4,3,2,0,1",27,17,17,17,17
"3,2,1,0,0,0",18,12,12,12,12
"4,4,3,0,1,3",21,19,19,19,20
"3,4,2,1,0,3",29,19,19,19,19
"0,0,0,2,1,3",13,12,12,12,12
"3,4,1,3,4,1",22,17,19,20,19
"4,1,1,0,4,0",17,14,14,16,14
"0,0,1,3,3,2",13,13,13,13,13
"4,1,2,4,3,3",21,19,19,19,20
"4,2,1,1,4,2",20,16,18,19,18
"4,3,0,0,3,4",19,16,17,19,17
"2,0,4,3,1,0",24,16,16,16,16
"0,0,0,4,4,1",12,12,12,12,12
"0,0,2,2,3,4",15,15,15,15,15
"3,2,0,2,3,0",19,14,15,16,15
"3,4,0,4,3,0",20,16,16,18,16
"1,2,0,2,0,0",13,10,10,11,10
"1,1,4,0,4,0",15,13,13,14,14
"1,2,1,1,1,2",11,10,10,11,10
"2,1,2,1,2,1",14,11,12,12,12
"3,0,4,1,2,4",23,18,18,18,19
"1,3,0,2,1,0",20,13,13,13,13
"0,0,0,2,4,2",13,12,12,12,12
"1,0,2,0,2,0",13,10,10,11,10
"3,2,0,2,3,1",20,17,17,17,18
"0,0,0,2,2,0",9,9,9,9,9
"4,1,2,4,3,4",22,19,19,19,20
"4,2,0,2,4,0",20,15,16,18,16
"0,0,2,4,4,2",13,13,13,13,13
"2,1,2,1,0,3",17,15,15,16,16
"4,3,1,1,3,4",20,17,20,20,20
"0,0,0,3,1,4",15,14,14,14,14
"0,3,2,3,1,2",18,15,16,17,16
"0,0,3,2,1,3",17,14,14,15,15
"0,4,1,2,4,4",17,15,15,15,16
"4,1,0,1,0,4",18,14,14,17,14
"3,2,0,3,0,2",19,14,15,16,15
"4,3,2,4,2,3",23,18,21,21,21
"0,3,0,0,0,3",11,10,10,11,10
"0,3,2,3,0,2",17,14,15,16,15
"0,0,3,0,0,3",11,10,10,11,10
"4,0,0,2,4,2",17,14,15,16,15
"4,0,3,2,1,0",26,16,16,16,16
"0,4,3,2,0,1",25,16,16,16,16
"4,3,2,1,0,0",26,16,16,16,16
"4,3,0,3,4,0",21,16,17,19,17
"1,2,0,0,2,0",13,10,10,11,10
"3,3,2,0,0,2",15,14,14,15,15
"4,2,1,4,4,3",22,19,19,19,20
"1,3,2,0,1,0",20,13,13,13,13
"4,2,1,2,4,1",21,16,18,20,18
"0,0,0,1,3,3",10,10,10,10,10
"0,0,0,3,1,2",14,12,12,12,12
"0,0,0,2,4,3",16,15,15,15,15
"0,0,0,3,0,4",14,13,13,13,13
"0,0,0,2,2,1",10,10,10,10,10
"4,1,3,2,0,1",27,17,17,17,17
"2,3,1,1,3,2",17,15,17,17,17
"1,3,4,2,0,1",26,17,17,17,17
"3,2,1,1,2,3",18,15,17,17,17
"2,0,2,0,0,2",12,10,10,11,10
"0,0,0,0,0,3",9,9,9,9,9
"0,0,0,0,4,2",13,12,12,12,12
"0,0,0,1,3,4",14,14,14,14,14
"0,0,1,1,0,2",10,10,10,10,10
"2,3,0,2,3,0",19,14,14,16,14
"4,2,3,4,3,2",22,18,20,20,20
"0,0,0,1,1,3",10,10,10,10,10
"3,4,2,1,0,0",25,16,16,16,16
"3,4,1,1,4,3",19,17,19,19,19
"3,3,1,0,0,1",14,13,13,14,14
"4,2,3,2,4,3",22,18,20,20,20
"0,0,0,1,3,1",11,10,10,10,10
"2,3,4,1,0,2",27,18,18,18,18
"3,3,4,1,0,4",21,18,18,18,19
"3,4,2,1,3,4",27,21,21,23,23
"2,1,2,1,1,0",14,12,12,13,13
"1,0,3,2,1,3",19,15,15,16,16
"4,1,0,4,1,0",20,14,14,16,14
"0,0,0,0,2,2",8,8,8,8,8
"0,3,4,1,2,0",24,16,16,16,16
"3,2,1,1,3,2",19,15,17,17,17
"0,2,1,2,1,0",14,12,12,13,13
"4,1,4,1,0,0",16,14,14,15,15
"4,2,0,0,4,2",19,15,16,18,16
"0,4,2,1,4,3",22,19,19,19,20
"2,1,1,1,2,0",13,12,12,13,13
"0,0,0,0,1,2",9,9,9,9,9
"3,2,0,2,0,3",18,14,15,16,15
"0,0,1,1,1,4",11,11,11,11,11
"0,0,3,0,3,0",12,10,10,11,10
"4,3,4,1,1,3",20,17,19,19,19
"2,1,1,1,1,2",11,10,11,11,11
"4,2,1,4,0,4",22,16,16,16,17
"0,1,2,1,1,2",11,10,10,11,10
"0,0,0,2,2,3",11,11,11,11,11
"0,0,0,3,0,3",11,10,10,10,10
"3,2,3,0,2,2",17,14,15,16,15
"2,1,1,2,0,3",16,15,15,16,16
"0,0,0,2,1,2",11,10,10,10,10
"3,2,1,0,1,0",20,13,13,13,13
"0,0,1,1,1,3",10,10,10,10,10
"2,1,3,2,1,3",19,15,16,17,16
"0,0,4,1,2,4",17,15,15,15,16
"0,0,0,3,3,1",11,11,11,11,11
"4,3,2,0,1,1",25,16,16,16,16
"0,0,0,3,4,2",17,15,15,15,15
"0,0,0,1,4,1",12,11,11,11,11
"0,0,0,3,3,4",13,13,13,13,13
"0,4,3,1,2,0",25,16,16,16,16
"4,0,1,4,0,1",19,14,14,16,14
"0,0,1,1,3,3",10,10,10,10,10
"0,0,3,3,0,0",10,10,10,10,10
"4,2,3,3,4,2",21,18,20,20,20
"4,3,4,2,3,2",22,18,20,20,20
"1,0,4,1,4,1",16,13,13,14,14
"0,0,2,2,2,0",9,9,9,9,9
"4,1,3,3,4,1",20,17,19,19,19
"2,0,3,2,2,3",15,13,13,14,14
"3,2,0,0,2,3",17,14,15,16,15
"2,0,0,2,2,0",11,10,10,11,10
"2,0,0,0,2,2",10,9,9,10,9
"2,0,3,2,3,2",16,13,13,14,14
"3,2,1,2,3,1",20,15,17,17,17
"3,4,1,4,1,3",20,17,19,19,19
"3,1,1,1,3,0",14,13,13,14,14
"0,0,1,2,3,4",16,16,16,16,16
"0,2,4,3,1,0",24,16,16,16,16
"3,4,1,1,3,4",20,17,19,19,19
"0,0,1,1,2,2",9,9,9,9,9
"2,2,4,0,4,0",16,14,14,15,15
"1,0,3,1,2,3",18,15,15,16,16
"3,0,2,3,1,2",20,16,16,16,18
"3,2,4,0,1,0",24,16,16,16,16
"2,1,1,2,0,1",15,12,12,13,13
"0,0,1,2,2,3",12,12,12,12,12
"0,0,0,1,4,2",14,13,13,13,13
"4,2,4,1,1,2",19,16,18,18,18
"4,1,4,0,1,0",18,14,14,15,15
"3,0,2,3,2,3",17,14,14,15,15
"0,0,0,3,1,0",13,10,10,10,10
"0,0,0,4,4,3",14,14,14,14,14
"0,0,1,1,2,4",13,13,13,13,13
"4,4,3,1,0,3",22,19,19,19,20
"3,0,2,2,3,1",18,16,16,16,17
"0,0,0,0,3,3",9,9,9,9,9
"3,2,0,1,0,0",18,12,12,12,12
"1,2,0,0,2,2",12,10,10,11,10
"2,3,1,3,2,1",19,15,17,18,17
"3,0,0,3,3,3",11,10,10,11,10
"3,4,2,0,1,0",25,16,16,16,16
"4,3,2,3,4,2",23,18,21,21,21
"4,3,1,0,2,1",26,17,17,17,17
"0,3,1,1,3,1",13,11,12,12,12
"0,0,2,4,4,3",16,16,16,16,16
"0,0,1,2,2,1",10,10,10,10,10
"4,1,0,0,1,4",17,14,14,17,14
"3,2,0,3,1,2",22,17,17,17,18
"3,4,1,3,1,4",21,17,19,19,19
"2,1,2,1,0,1",15,12,12,13,13
"4,3,2,1,0,3",29,19,19,19,19
"0,4,3,1,0,2",24,16,16,16,16
"0,3,1,3,1,0",15,13,13,14,14
"0,0,1,2,2,4",13,13,13,13,13
"4,2,0,4,0,2",20,15,16,18,16
"0,0,2,2,1,3",13,13,13,13,13
"0,0,0,2,2,4",12,12,12,12,12
"4,2,0,4,2,0",21,15,16,18,16
"4,2,1,4,3,3",22,19,19,19,20
"0,0,0,4,4,2",13,13,13,13,13
"3,4,0,3,4,0",21,16,16,18,16
"4,3,0,0,4,3",20,16,17,19,17
"0,0,0,1,0,0",8,7,7,7,7
"4,3,2,2,4,3",22,18,21,21,21
"3,1,1,1,1,3",12,11,12,12,12
"4,1,1,3,4,3",19,16,18,18,18
"4,2,3,3,2,4",20,18,20,20,20
"0,4,1,4,0,1",17,14,14,15,15
"1,1,4,0,2,4",18,16,16,16,17
"2,2,3,0,0,3",14,13,13,14,14
"0,0,0,1,2,3",12,12,12,12,12
"1,4,0,2,1,0",21,14,14,14,14
"1,0,2,1,1,2",13,11,11,12,12
"1,0,2,0,0,2",12,10,10,11,10
"0,0,1,3,4,4",14,14,14,14,14
"3,2,0,4,1,0",24,16,16,16,16
"0,0,0,3,3,2",12,12,12,12,12
"0,3,2,1,3,3",17,14,14,15,15
"0,0,0,3,3,0",10,10,10,10,10
"4,3,1,2,0,1",27,17,17,17,17
"4,0,1,1,0,4",16,14,14,16,14
"0,0,0,2,0,1",11,9,9,9,9
"0,0,0,2,1,1",10,9,9,9,9
"3,1,2,0,1,0",20,13,13,13,13
"3,2,0,3,2,0",20,14,15,16,15
"2,1,1,3,2,0",18,15,15,16,16
"0,0,0,2,0,4",13,12,12,12,12
"3,2,1,0,2,0",21,14,14,14,14
"4,3,0,4,3,0",22,16,17,19,17
"2,4,3,0,1,2",27,18,18,18,18
"1,2,1,1,2,2",11,10,10,11,10
"2,2,1,0,0,1",13,12,12,13,13
"2,0,4,2,1,4",20,17,17,17,18
"4,0,1,1,4,0",17,14,14,16,14
"4,3,3,2,4,2",21,18,20,20,20
"4,3,3,1,1,4",19,17,19,19,19
"4,1,3,2,1,0",26,17,17,17,17
"0,0,1,1,1,0",8,8,8,8,8
"3,0,4,1,2,0",24,16,16,16,16
"4,2,1,2,1,4",20,16,18,19,18
"4,3,1,2,4,3",27,21,22,23,23
"0,0,0,3,1,1",11,10,10,10,10
"4,3,1,3,1,4",21,17,20,20,20
"4,1,2,1,4,2",20,16,17,19,17
